<?xml version="1.0" encoding="UTF-8"?>

<something-else-entirely>
	<proxool>
		<alias>DBPool</alias>
		<driver-url>
			jdbc:mysql://localhost:3306/parking_db?characterEncoding=utf-8
		</driver-url>
		<driver-class>com.mysql.jdbc.Driver</driver-class>
		<driver-properties>
			<property name="user" value="root" />
			<property name="password" value="root" />
		</driver-properties>
		<!-- 最大连接数(默认5个),超过了这个连接数,再有请求时,就排在队列中等候,最大的等待请求数由maximum-new-connections决定 -->
        <maximum-connection-count>100</maximum-connection-count>
        <!-- proxool自动侦察各个连接状态的时间间隔(毫秒),侦察到空闲的连接就马上回收,超时的销毁 默认30秒 -->
        <house-keeping-sleep-time>30000</house-keeping-sleep-time>
        <!-- 没有空闲连接可以分配而在队列中等候的最大请求数,超过这个请求数的用户连接就不会被接受 -->
        <simultaneous-build-throttle>20</simultaneous-build-throttle>
        <!-- 最少保持的空闲连接数(默认2个) 
        <prototype-count>5</prototype-count>
        -->
        <!-- 用于保持连接的测试语句 -->
        <house-keeping-test-sql>select sysdate from dual</house-keeping-test-sql>
	</proxool>
</something-else-entirely>
